{"africa": [-18.12501780033033, -35.31847008895306, 51.63219775007806, 37.849987863531794], "asia": [45.96769112100492, -11.150944119046517, 156.51905639799722, 55.88420925459431], "europe": [-24.825583474148697, 34.42085663685475, 40.58038920855219, 81.15490370124049], "north america": [-172.29071861550537, 6.722585699377646, -52.14979641766584, 83.73302549986819], "oceania": [112.84005156897452, -47.14110189584821, 179.0160392568147, -10.168369458523093], "south america": [-81.90995382156294, -56.11078538015843, -34.23115945375764, 12.937207072191446], "global": [-168.8, -56.9, 189.8, 77.7]}